,City,Lat,Lng,Max Temp,Humidity,Cloudiness,Wind Speed,Country,Date
0,ahipara,-35.1667,173.1667,19.77,76,94,2.79,NZ,1619145175
1,arman,59.7,150.1667,0.22,98,100,2.89,RU,1619145206
2,hobart,-42.8794,147.3294,14.0,47,40,4.63,AU,1619145206
3,punta arenas,-53.15,-70.9167,8.0,93,75,3.09,CL,1619145206
4,may pen,17.9645,-77.2451,27.0,74,20,2.06,JM,1619145207
5,cape town,-33.9258,18.4232,13.89,100,20,5.14,ZA,1619145037
6,phan thiet,10.9333,108.1,28.96,71,100,2.3,VN,1619144970
7,albany,42.6001,-73.9662,3.33,44,11,6.24,US,1619145017
8,ushuaia,-54.8,-68.3,5.0,93,75,5.14,AR,1619145094
9,ponta do sol,32.6667,-17.1,16.67,84,100,0.89,PT,1619145207
10,busselton,-33.65,115.3333,22.04,43,63,2.18,AU,1619145207
11,port jervis,41.3751,-74.6927,3.89,70,60,4.57,US,1619145208
12,luganville,-15.5333,167.1667,30.12,66,42,4.01,VU,1619145208
13,makakilo city,21.3469,-158.0858,29.0,47,90,2.06,US,1619145208
14,rikitea,-23.1203,-134.9692,25.55,77,100,6.19,PF,1619145209
15,millinocket,45.6573,-68.7098,-1.0,64,75,3.6,US,1619145074
16,mehamn,71.0357,27.8492,0.02,80,97,0.59,NO,1619145209
17,zhangye,38.9342,100.4517,16.0,25,85,9.26,CN,1619145209
18,saint-philippe,-21.3585,55.7679,25.0,73,90,6.17,RE,1619145209
19,caernarfon,53.1413,-4.2702,8.0,49,0,1.54,GB,1619145210
20,laguna,38.421,-121.4238,15.0,63,1,5.66,US,1619145149
21,atuona,-9.8,-139.0333,26.76,81,84,9.55,PF,1619145210
22,kodiak,57.79,-152.4072,6.0,93,90,5.66,US,1619145210
23,hofn,64.2539,-15.2082,3.3,77,100,0.89,IS,1619145211
24,klaksvik,62.2266,-6.589,5.0,93,75,2.06,FO,1619145211
25,tsabong,-26.0217,22.401,17.17,36,0,2.64,BW,1619145211
26,mataura,-46.1927,168.8643,12.22,84,100,4.47,NZ,1619145211
27,port antonio,18.18,-76.4612,27.0,74,20,2.06,JM,1619145212
28,castro,-24.7911,-50.0119,10.96,95,9,1.35,BR,1619145212
29,tawang,27.5833,91.8667,13.25,34,31,2.11,IN,1619145212
30,ponta delgada,37.7333,-25.6667,15.0,72,40,11.83,PT,1619145212
31,bluff,-46.6,168.3333,12.22,84,100,4.47,NZ,1619145213
32,norman wells,65.282,-126.8329,-2.0,54,75,4.12,CA,1619145213
33,lebu,-37.6167,-73.65,10.21,77,48,1.54,CL,1619145213
34,alta floresta,-9.8756,-56.0861,21.44,95,41,1.01,BR,1619144987
35,westport,41.1415,-73.3579,5.0,55,78,0.45,US,1619145056
36,faanui,-16.4833,-151.75,27.4,72,11,6.06,PF,1619145214
37,mar del plata,-38.0023,-57.5575,19.44,94,99,2.06,AR,1619145007
38,mikuni,36.2171,136.1519,19.0,39,75,3.6,JP,1619145214
39,upernavik,72.7868,-56.1549,-9.51,88,100,2.06,GL,1619145214
40,zhaodong,46.0833,125.9833,15.0,63,75,3.0,CN,1619145214
41,new norfolk,-42.7826,147.0587,13.33,69,97,0.45,AU,1619145215
42,beloha,-25.1667,45.05,19.88,89,0,4.66,MG,1619145215
43,arraial do cabo,-22.9661,-42.0278,22.82,77,6,9.46,BR,1619145215
44,la ronge,55.1001,-105.2842,-4.0,42,70,2.57,CA,1619145215
45,avarua,-21.2078,-159.775,28.0,69,20,8.23,CK,1619145009
46,road town,18.4167,-64.6167,26.11,78,40,6.69,VG,1619145078
47,bubaque,11.2833,-15.8333,25.57,68,37,5.52,GW,1619145216
48,saint-denis,48.9167,2.3333,8.89,61,0,3.09,FR,1619145216
49,tigil,57.8,158.6667,3.24,84,100,1.46,RU,1619145216
50,farafangana,-22.8167,47.8333,21.53,84,7,1.1,MG,1619145217
51,port hardy,50.6996,-127.4199,14.0,41,40,4.63,CA,1619145007
52,vardo,70.3705,31.1107,0.0,86,75,2.57,NO,1619145217
53,dikson,73.5069,80.5464,0.32,91,100,10.46,RU,1619145186
54,maningrida,-12.0667,134.2667,31.17,52,78,6.47,AU,1619144932
55,bethel,41.3712,-73.414,4.0,48,1,6.17,US,1619145217
56,nanortalik,60.1432,-45.2371,1.72,85,43,2.48,GL,1619145218
57,nikolskoye,59.7035,30.7861,6.0,81,20,3.0,RU,1619145218
58,tynset,62.2759,10.7824,-3.0,80,20,9.26,NO,1619145218
59,mulege,26.8833,-111.9833,19.86,49,5,1.47,MX,1619145218
60,kytmanovo,53.4593,85.4479,2.78,59,4,5.59,RU,1619145219
61,sao miguel do araguaia,-13.275,-50.1628,21.74,83,25,1.15,BR,1619145219
62,andenes,69.3143,16.1194,0.0,74,75,4.12,NO,1619145219
63,jamestown,42.097,-79.2353,-1.0,86,20,7.2,US,1619145160
64,kapaa,22.0752,-159.319,26.11,65,20,4.63,US,1619145220
65,port augusta,-32.5,137.7667,19.0,52,42,4.12,AU,1619145220
66,sola,-13.8833,167.55,30.0,74,75,1.03,VU,1619145220
67,hermanus,-34.4187,19.2345,12.78,92,0,1.79,ZA,1619145221
68,thompson,55.7435,-97.8558,-8.0,67,75,5.14,CA,1619145221
69,victoria,22.2855,114.1577,28.33,65,0,2.24,HK,1619145037
70,souillac,-20.5167,57.5167,22.0,100,75,1.54,MU,1619145221
71,kapit,2.0167,112.9333,31.73,59,54,0.18,MY,1619145221
72,port elizabeth,-33.918,25.5701,18.0,88,0,7.2,ZA,1619145222
73,bredasdorp,-34.5322,20.0403,11.0,93,2,2.06,ZA,1619145008
74,ankazoabo,-22.2833,44.5167,19.12,76,0,2.17,MG,1619145222
75,tasiilaq,65.6145,-37.6368,-2.0,54,75,6.17,GL,1619145222
76,talnakh,69.4865,88.3972,0.52,98,100,6.02,RU,1619145190
77,east london,-33.0153,27.9116,18.32,82,8,4.74,ZA,1619145181
78,soyo,-6.1349,12.3689,25.98,86,100,2.49,AO,1619145223
79,caravelas,-17.7125,-39.2481,22.78,89,95,2.08,BR,1619145223
80,esperance,-33.8667,121.9,19.0,68,100,5.14,AU,1619145018
81,namibe,-15.1961,12.1522,26.06,81,31,0.36,AO,1619145223
82,sobolevo,54.4299,31.8996,5.46,86,100,3.61,RU,1619145224
83,los llanos de aridane,28.6585,-17.9182,18.0,77,0,2.06,ES,1619145136
84,baljevac,44.8206,15.7799,7.9,98,98,1.79,BA,1619145224
85,zamora,-4.0692,-78.9567,19.98,99,92,0.27,EC,1619145224
86,panagar,23.3,79.9833,25.0,36,40,3.09,IN,1619145224
87,vinces,-1.55,-79.7333,28.0,65,75,4.63,EC,1619145225
88,lasa,46.6166,10.7002,7.22,87,0,2.57,IT,1619145225
89,bekhtery,46.251,32.2927,9.44,93,0,5.0,UA,1619145225
90,barra patuca,15.8,-84.2833,25.95,78,7,4.53,HN,1619145225
91,namatanai,-3.6667,152.4333,27.06,80,77,2.06,PG,1619145226
92,muisne,0.6,-80.0333,25.37,84,83,2.6,EC,1619145226
93,vaini,-21.2,-175.2,29.0,84,75,2.57,TO,1619145226
94,merauke,-8.4667,140.3333,30.09,68,41,2.41,ID,1619145226
95,adamas,36.7333,24.4333,13.0,54,86,2.06,GR,1619145227
96,narsaq,60.9167,-46.05,6.0,45,40,1.03,GL,1619145227
97,chuy,-33.6971,-53.4616,18.66,81,99,5.1,UY,1619145045
98,barrow,71.2906,-156.7887,-3.0,68,1,3.09,US,1619145008
99,butaritari,3.0707,172.7902,28.25,73,88,4.15,KI,1619145227
100,hami,42.8,93.45,9.89,26,100,4.31,CN,1619145228
101,balabac,7.9868,117.0645,29.45,68,100,5.85,PH,1619145228
102,sibolga,1.7427,98.7792,28.7,67,100,0.98,ID,1619145228
103,hilo,19.7297,-155.09,27.0,54,75,4.12,US,1619145229
104,fortuna,40.5982,-124.1573,11.11,87,40,4.12,US,1619145229
105,georgetown,5.4112,100.3354,28.33,83,20,1.03,MY,1619145229
106,anadyr,64.75,177.4833,-7.0,86,0,5.0,RU,1619145229
107,vao,-22.6667,167.4833,23.68,72,83,4.27,NC,1619145230
108,beringovskiy,63.05,179.3167,-1.55,73,85,4.06,RU,1619145230
109,sitka,57.0531,-135.33,9.0,66,75,2.06,US,1619145230
110,yagodnoye,62.55,149.6667,-3.54,92,100,1.8,RU,1619145230
111,chlorakas,34.8042,32.4083,13.0,54,0,3.6,CY,1619145231
112,atambua,-9.1061,124.8925,28.54,58,49,0.96,ID,1619145231
113,nantucket,41.2835,-70.0995,6.0,36,1,8.23,US,1619145053
114,yarim,14.298,44.3779,12.72,45,0,1.45,YE,1619145231
115,bingol,38.8847,40.4939,9.02,73,0,2.77,TR,1619145232
116,basoko,1.2391,23.616,21.68,96,100,1.59,CD,1619145232
117,college,64.8569,-147.8028,12.0,40,1,5.14,US,1619145137
118,englehart,47.8169,-79.8664,2.0,60,1,2.06,CA,1619145232
119,ilulissat,69.2167,-51.1,-3.0,68,20,0.51,GL,1619145232
120,lata,40.1629,-8.3327,14.44,92,100,2.14,PT,1619145233
121,tura,25.5198,90.2201,29.83,32,0,1.98,IN,1619145233
122,araouane,18.9048,-3.5265,29.43,12,2,2.49,ML,1619145233
123,kalawit,8.0667,122.5167,30.24,66,92,2.66,PH,1619145234
124,khatanga,71.9667,102.5,-1.08,91,100,6.93,RU,1619145234
125,tukrah,32.5341,20.5791,20.13,31,28,10.66,LY,1619145234
126,trincomalee,8.5711,81.2335,28.21,73,4,4.46,LK,1619145234
127,sovetskiy,61.3614,63.5842,5.44,86,100,3.18,RU,1619145235
128,novocheremshansk,54.3571,50.1666,4.5,89,13,2.9,RU,1619145235
129,coquimbo,-29.9533,-71.3436,15.0,88,90,1.03,CL,1619145015
130,faya,18.3851,42.4509,14.0,41,0,1.12,SA,1619145139
131,anito,12.4497,125.2886,31.18,61,83,2.15,PH,1619145235
132,sambava,-14.2667,50.1667,23.93,90,88,5.24,MG,1619145235
133,isangel,-19.55,169.2667,28.22,73,73,3.15,VU,1619145236
134,murgab,37.4966,61.9714,11.0,62,0,2.06,TM,1619145236
135,karratha,-20.7377,116.8463,30.83,18,0,8.22,AU,1619145236
136,tuktoyaktuk,69.4541,-133.0374,-11.0,73,20,1.54,CA,1619145236
137,pemberton,50.3164,-122.8027,14.0,21,1,1.03,CA,1619145007
138,eldorado,-23.7869,-54.2836,17.76,65,53,2.94,BR,1619145237
139,tiznit,29.5833,-9.5,13.9,91,41,1.67,MA,1619145237
140,alihe,50.5667,123.7167,7.37,22,91,3.01,CN,1619145237
141,jurado,7.1053,-77.7641,25.1,89,68,1.38,CO,1619145238
142,clyde river,70.4692,-68.5914,-9.0,73,90,3.6,CA,1619145238
143,shingu,33.7333,135.9833,20.0,60,40,4.12,JP,1619145238
144,maldonado,-34.6667,-54.9167,19.0,82,0,6.17,UY,1619145103
145,senanga,-16.1167,23.2667,15.09,68,2,2.24,ZM,1619145239
146,port lincoln,-34.7333,135.8667,18.24,54,60,4.55,AU,1619145239
147,vanimo,-2.6741,141.3028,28.98,76,100,2.74,PG,1619145239
148,angoche,-16.2325,39.9086,23.52,85,34,3.43,MZ,1619145239
149,troitsko-pechorsk,62.7084,56.1964,4.12,88,100,3.94,RU,1619145240
150,saint-francois,46.4154,3.9054,7.22,87,0,0.51,FR,1619145240
151,rocha,-34.4833,-54.3333,16.95,89,100,5.06,UY,1619145139
152,weihe,32.9952,105.3247,15.57,87,100,0.88,CN,1619145240
153,buala,-8.145,159.5921,29.57,70,97,2.94,SB,1619145240
154,luanda,-8.8368,13.2343,24.0,88,75,2.57,AO,1619145241
155,shubarkuduk,49.1447,56.4872,9.74,53,100,4.39,KZ,1619145241
156,mayo,38.8876,-76.5119,6.11,55,93,0.45,US,1619145241
157,rio grande,-32.035,-52.0986,18.89,90,3,7.27,BR,1619145241
158,unai,-16.3575,-46.9061,19.35,61,0,0.83,BR,1619145242
159,mahebourg,-20.4081,57.7,22.0,100,75,1.54,MU,1619145242
160,monte patria,-30.6919,-70.9467,15.26,77,1,0.94,CL,1619145242
161,maloy,61.9353,5.1136,3.0,75,75,2.57,NO,1619145242
162,alice springs,-23.7,133.8833,23.33,37,0,5.14,AU,1619145243
163,cururupu,-1.8283,-44.8683,23.35,95,100,0.14,BR,1619145196
164,cedar city,37.6775,-113.0619,14.0,19,90,5.14,US,1619145186
165,yazd,31.8972,54.3675,21.0,21,0,2.06,IR,1619145243
166,orkney,-26.9802,26.6727,12.74,52,78,1.98,ZA,1619145243
167,davila,18.4726,120.5763,27.0,74,20,3.09,PH,1619145244
168,comodoro rivadavia,-45.8667,-67.5,6.0,87,0,2.54,AR,1619145244
169,viedma,-40.8135,-62.9967,14.99,74,77,3.0,AR,1619145244
170,liepaja,56.5419,21.0367,3.0,87,90,7.2,LV,1619145245
171,albanel,48.8832,-72.4487,0.0,55,100,9.77,CA,1619145245
172,altay,47.8667,88.1167,0.83,44,51,2.23,CN,1619145245
173,ulladulla,-35.35,150.4667,20.0,32,0,3.6,AU,1619145245
174,krasnoselkup,65.7,82.4667,-0.44,86,53,7.8,RU,1619145246
175,kruisfontein,-34.0033,24.7314,15.0,93,0,0.45,ZA,1619145246
176,nuevitas,21.5453,-77.2644,25.0,83,53,4.12,CU,1619145246
177,grindavik,63.8424,-22.4338,7.0,81,90,12.86,IS,1619145154
178,el estor,15.5333,-89.35,22.14,89,10,0.81,GT,1619145246
179,carnarvon,-24.8667,113.6333,26.0,34,98,3.6,AU,1619145053
180,muravlenko,63.7898,74.523,0.0,81,79,8.52,RU,1619145247
181,emerald,-23.5333,148.1667,23.0,43,90,5.14,AU,1619145247
182,codrington,-38.2667,141.9667,14.87,63,100,6.13,AU,1619145157
183,sampit,-2.5333,112.95,32.55,48,64,1.23,ID,1619145247
184,portland,45.5234,-122.6762,17.22,54,8,0.45,US,1619145101
185,lagoa,39.05,-27.9833,13.6,78,6,17.43,PT,1619145248
186,pangnirtung,66.1451,-65.7125,-7.45,80,86,2.77,CA,1619145248
187,cap malheureux,-19.9842,57.6142,23.33,84,100,1.79,MU,1619145248
188,yellowknife,62.456,-114.3525,-9.44,57,90,7.2,CA,1619145031
189,yongchang,30.0381,119.7317,20.56,89,99,2.43,CN,1619145249
190,bilma,18.6853,12.9164,29.0,12,9,3.57,NE,1619145249
191,taoudenni,22.6783,-3.9836,29.76,9,0,4.09,ML,1619145249
192,porto novo,6.4965,2.6036,29.0,79,40,2.06,BJ,1619145249
193,cidreira,-30.1811,-50.2056,20.58,76,8,7.46,BR,1619145097
194,tucano,-10.9631,-38.7867,23.02,95,99,1.84,BR,1619145250
195,naze,28.3667,129.4833,23.0,73,75,8.23,JP,1619145250
196,edd,13.9297,41.6925,29.49,54,0,6.34,ER,1619145250
197,mpika,-11.8343,31.4529,13.99,97,52,2.69,ZM,1619145251
198,baruun-urt,46.6806,113.2792,10.6,31,4,8.78,MN,1619145251
199,wanning,18.8003,110.3967,29.47,65,5,4.31,CN,1619145251
200,leningradskiy,69.3833,178.4167,1.29,85,100,2.15,RU,1619145252
201,ostrovnoy,68.0531,39.5131,1.12,97,96,4.61,RU,1619145252
202,ibra,22.6906,58.5334,26.8,24,0,0.74,OM,1619145252
203,north bend,43.4065,-124.2243,11.11,82,90,4.12,US,1619145252
204,xichang,27.8964,102.2634,26.63,29,0,1.98,CN,1619145253
205,dunedin,-45.8742,170.5036,16.67,63,100,2.68,NZ,1619145070
206,cabo san lucas,22.8909,-109.9124,24.44,33,40,5.14,MX,1619145004
207,mbandaka,0.0487,18.2603,23.06,83,80,1.13,CD,1619145253
208,gwadar,25.1216,62.3254,27.85,71,1,1.12,PK,1619145253
209,nizhniy kuranakh,58.8353,125.4869,0.11,77,80,6.46,RU,1619145254
210,burnie,-41.0667,145.9167,13.89,56,58,4.47,AU,1619145254
211,lavrentiya,65.5833,-171.0,0.97,73,100,0.43,RU,1619145254
212,puerto ayora,-0.7393,-90.3518,25.0,94,38,1.79,EC,1619145073
213,guaruja,-23.9931,-46.2564,21.11,26,39,3.86,BR,1619145254
214,saint george,37.1041,-113.5841,22.0,14,1,4.12,US,1619145128
215,develi,38.3906,35.4922,0.0,93,0,2.06,TR,1619145255
216,katsuura,35.1333,140.3,18.33,51,40,3.6,JP,1619145255
217,falam,22.9167,93.6833,28.6,26,3,1.49,MM,1619145255
218,mokrin,45.9358,20.4072,10.56,74,100,0.89,RS,1619145256
219,vuktyl,63.8567,57.3094,4.12,88,100,5.71,RU,1619145256
220,severo-kurilsk,50.6789,156.125,1.99,92,77,1.68,RU,1619145021
221,talaya,61.3833,152.75,-0.53,78,100,3.28,RU,1619145256
222,san policarpo,12.1791,125.5072,29.98,67,54,3.62,PH,1619145257
223,vila franca do campo,37.7167,-25.4333,15.0,72,40,11.83,PT,1619145257
224,tank,32.2217,70.3793,21.53,56,0,2.81,PK,1619145049
225,chokurdakh,70.6333,147.9167,-13.45,89,84,2.03,RU,1619145257
226,barcelos,41.5388,-8.6151,14.0,88,0,4.12,PT,1619144988
227,marataizes,-21.0433,-40.8244,20.03,87,2,3.75,BR,1619145257
228,qaanaaq,77.484,-69.3632,-7.68,92,100,4.53,GL,1619145258
229,khandbari,27.3747,87.2039,24.85,19,0,0.85,NP,1619145258
230,pisco,-13.7,-76.2167,19.44,82,0,4.63,PE,1619145258
231,upata,8.0086,-62.3989,26.11,78,98,1.79,VE,1619145258
232,okha,53.5739,142.9478,0.82,92,100,6.59,RU,1619145259
233,ust-kan,50.9276,84.761,-3.93,78,100,4.4,RU,1619145259
234,tarbagatay,51.4803,107.3602,3.0,30,20,6.0,RU,1619145259
235,inhambane,-23.865,35.3833,20.38,79,8,0.94,MZ,1619145169
236,miraflores,19.2167,-98.8083,23.0,28,40,3.6,MX,1619145260
237,solnechnyy,50.7214,136.6319,15.52,48,100,1.53,RU,1619145260
238,port alfred,-33.5906,26.891,19.03,81,0,8.73,ZA,1619145260
239,rincon,32.296,-81.2354,11.0,58,20,2.57,US,1619145254
240,karaton,-6.3424,106.1045,32.22,62,20,1.54,ID,1619145260
241,tacoaleche,22.8167,-102.4167,17.84,17,83,6.47,MX,1619145261
242,sedhiou,12.7081,-15.5569,24.61,51,97,2.71,SN,1619145261
243,sakakah,29.9697,40.2064,25.0,18,0,3.09,SA,1619145261
244,valparaiso,-33.0393,-71.6273,13.89,79,97,3.16,CL,1619145210
245,desbiens,48.4178,-71.9495,1.0,47,90,9.77,CA,1619145262
246,san patricio,28.017,-97.5169,23.0,88,90,6.17,US,1619145262
247,san carlos,9.6612,-68.5827,27.92,58,88,2.02,VE,1619145262
248,whitianga,-36.8333,175.7,21.11,78,100,1.79,NZ,1619145262
249,hithadhoo,-0.6,73.0833,28.32,71,87,2.79,MV,1619145263
250,kadnikov,59.5022,40.338,4.14,94,44,3.2,RU,1619145263
251,walvis bay,-22.9575,14.5053,18.0,72,61,1.54,NA,1619145263
252,kuytun,54.3419,101.5036,3.24,38,97,3.32,RU,1619145263
253,pala,9.3642,14.9046,26.35,53,100,3.32,TD,1619145264
254,santa isabel do rio negro,-0.4139,-65.0192,23.54,98,100,0.3,BR,1619145264
255,taltal,-25.4,-70.4833,16.6,84,24,0.25,CL,1619145264
256,port blair,11.6667,92.75,27.0,89,40,2.74,IN,1619145265
257,geraldton,-28.7667,114.6,26.0,34,100,2.57,AU,1619145025
258,san ramon,37.7799,-121.978,11.11,76,1,9.77,US,1619145265
259,neiafu,-18.65,-173.9833,29.0,74,20,4.63,TO,1619145265
260,bima,-8.4667,118.7167,30.59,56,18,0.71,ID,1619145265
261,jizan,17.3333,42.6667,27.0,78,0,1.54,SA,1619145266
262,bonthe,7.5264,-12.505,26.56,86,41,2.15,SL,1619145266
263,bereda,43.2686,-7.5406,8.89,100,72,0.45,ES,1619145266
264,okrika,4.7416,7.0849,24.0,94,75,0.38,NG,1619145266
265,quesnel,52.9999,-122.5029,9.0,21,1,5.14,CA,1619145267
266,mahibadhoo,3.7833,72.9667,28.22,73,85,4.41,MV,1619145267
267,la fleche,47.6982,-0.0755,10.0,50,0,4.63,FR,1619145267
268,grodzisk mazowiecki,52.1039,20.6337,3.33,99,7,5.44,PL,1619145268
269,negara,-8.3151,114.6025,28.74,59,4,1.96,ID,1619145171
270,kutum,14.2,24.6667,23.05,21,84,3.37,SD,1619145230
271,amazar,53.858,120.875,3.62,23,60,2.93,RU,1619145268
272,ribeira grande,38.5167,-28.7,13.8,74,13,15.96,PT,1619145268
273,antsohihy,-14.8796,47.9875,23.56,81,100,2.66,MG,1619145268
274,beroroha,-21.6667,45.1667,20.11,79,0,1.35,MG,1619145269
275,sayyan,15.1718,44.3244,13.53,35,0,0.54,YE,1619145269
276,vestmannaeyjar,63.4427,-20.2734,6.69,86,100,10.75,IS,1619145269
277,provideniya,64.3833,-173.3,5.0,48,0,5.0,RU,1619145269
278,chilibre,9.15,-79.6167,27.0,78,90,5.14,PA,1619145270
279,kodinsk,58.6881,99.1844,2.62,73,31,2.59,RU,1619145270
280,luderitz,-26.6481,15.1594,19.11,65,20,3.43,NA,1619145270
281,alto araguaia,-17.3147,-53.2153,17.91,58,22,1.11,BR,1619145245
282,chinhoyi,-17.3667,30.2,13.28,93,5,2.05,ZW,1619145271
283,riyadh,24.6877,46.7219,25.0,18,0,1.03,SA,1619145001
284,guerrero negro,27.9769,-114.0611,15.37,73,0,8.17,MX,1619145271
285,nova gradiska,45.255,17.3831,10.0,93,75,1.54,HR,1619145271
286,gravdal,68.1214,13.5031,1.75,53,58,5.53,NO,1619145271
287,bagan,54.1001,77.6646,3.15,61,5,3.38,RU,1619145272
288,manaure,11.7751,-72.4445,26.7,74,5,7.61,CO,1619145272
289,strelka,58.0728,93.0344,3.19,68,5,0.69,RU,1619145272
290,jinka,5.65,36.65,16.56,92,99,0.99,ET,1619145273
291,stoenesti,45.25,25.1667,6.67,75,100,1.59,RO,1619145273
292,santo antonio do ica,-3.1022,-67.9397,22.95,98,100,0.64,BR,1619145273
293,talcahuano,-36.7167,-73.1167,10.0,93,0,1.54,CL,1619145273
294,taitung,22.7583,121.1444,30.0,54,20,2.57,TW,1619145274
295,zaozerne,45.1582,33.2787,10.0,63,74,5.87,UA,1619145274
296,petropavlovsk-kamchatskiy,53.0452,158.6483,8.0,61,20,4.0,RU,1619145274
297,tautira,-17.7333,-149.15,30.0,58,75,3.6,PF,1619145274
298,horsham,51.064,-0.3272,4.44,93,0,2.57,GB,1619145037
299,tumbagaan,5.3656,120.3139,29.24,65,64,1.96,PH,1619145275
300,harper,4.375,-7.7169,26.77,86,100,2.98,LR,1619145199
301,lake havasu city,34.4839,-114.3224,27.0,17,1,4.63,US,1619145275
302,kupang,-10.1667,123.5833,28.95,63,4,0.71,ID,1619145275
303,bela,25.9333,81.9833,31.53,20,0,2.21,IN,1619145276
304,sibu,2.3,111.8167,30.0,70,20,1.54,MY,1619145276
305,gat,31.61,34.7642,15.56,82,40,1.03,IL,1619145276
306,mildura,-34.2,142.15,18.33,55,90,3.6,AU,1619145276
307,roebourne,-20.7833,117.1333,30.69,19,0,7.87,AU,1619145061
308,nikki,9.9401,3.2108,26.91,61,64,3.65,BJ,1619145277
309,beyneu,45.3167,55.2,14.96,29,98,8.97,KZ,1619145277
310,constitucion,-35.3333,-72.4167,12.0,84,8,3.86,CL,1619145277
311,mount gambier,-37.8333,140.7667,15.0,58,75,6.17,AU,1619145112
312,jamame,0.0722,42.7506,24.86,90,99,1.99,SO,1619145278
313,puerto colombia,10.9878,-74.9547,27.0,78,0,6.69,CO,1619145278
314,adrar,20.5022,-10.0711,23.23,13,0,5.11,MR,1619145278
315,hovd,48.0056,91.6419,1.54,29,100,2.27,MN,1619145278
316,boguchany,58.3814,97.4531,3.23,69,23,1.48,RU,1619145135
317,waingapu,-9.6567,120.2641,28.39,64,9,2.15,ID,1619145279
318,ishigaki,24.3448,124.1572,22.0,94,75,5.14,JP,1619145279
319,gravenhurst,44.9168,-79.3663,0.0,69,1,4.66,CA,1619145184
320,prado,-17.3411,-39.2208,23.5,88,100,2.27,BR,1619145279
321,lianzhou,24.7811,112.3825,28.76,73,81,0.38,CN,1619145280
322,lahaina,20.8783,-156.6825,28.0,54,20,9.26,US,1619145280
323,terrace,54.5163,-128.6035,14.0,24,20,3.6,CA,1619145280
324,salalah,17.0151,54.0924,26.0,73,0,1.54,OM,1619145280
325,khani,41.9563,42.9566,9.0,93,75,1.03,GE,1619145281
326,cherskiy,68.75,161.3,-7.61,85,94,2.7,RU,1619145281
327,kavieng,-2.5744,150.7967,27.72,77,92,2.9,PG,1619145281
328,knysna,-34.0363,23.0471,15.0,100,0,3.09,ZA,1619145281
329,najran,17.4924,44.1277,18.0,22,0,1.03,SA,1619145282
330,torbay,47.6666,-52.7314,5.56,100,90,12.35,CA,1619145282
331,lompoc,34.6391,-120.4579,12.0,71,7,4.63,US,1619145282
332,bogota,4.6097,-74.0817,15.0,72,75,1.03,CO,1619145003
333,zhigalovo,54.8097,105.1578,3.23,45,10,1.1,RU,1619145283
334,cherepovets,59.1333,37.9,2.0,100,40,1.0,RU,1619145283
335,mercedes,-34.6515,-59.4307,19.44,92,100,0.89,AR,1619145283
336,gushikawa,26.3544,127.8686,21.0,94,75,12.35,JP,1619145283
337,kavaratti,10.5669,72.642,28.68,67,13,1.91,IN,1619145284
338,muroto,33.2833,134.15,22.0,43,0,3.09,JP,1619145284
339,pemangkat,1.1667,108.9667,29.77,65,78,2.72,ID,1619145284
340,steamboat springs,40.485,-106.8317,6.0,33,75,2.06,US,1619145284
341,zaranj,30.9667,61.8833,21.0,8,0,10.8,AF,1619145285
342,coahuayana,18.7333,-103.6833,22.03,71,99,1.09,MX,1619145285
343,ust-kuyga,70.0167,135.6,-8.56,79,29,1.94,RU,1619145285
344,marevo,57.3146,32.0804,4.44,89,100,2.74,RU,1619145286
345,airai,-8.9266,125.4092,24.47,47,29,0.93,TL,1619145286
346,ballina,-28.8667,153.5667,21.0,46,0,5.14,AU,1619145286
347,bogalusa,30.791,-89.8487,15.0,63,1,1.54,US,1619145286
348,olafsvik,64.8945,-23.7142,5.5,89,100,9.16,IS,1619145287
349,huanuni,-18.2667,-66.85,4.05,62,62,0.53,BO,1619145007
350,buchanan,5.8808,-10.0467,24.0,94,75,3.04,LR,1619145287
351,llandrindod wells,52.2416,-3.3787,1.11,91,0,1.82,GB,1619145287
352,nurota,40.5614,65.6886,14.0,47,88,8.23,UZ,1619145287
353,ambon,-3.6954,128.1814,32.0,62,40,3.09,ID,1619145288
354,bengkulu,-3.8004,102.2655,27.85,64,77,1.03,ID,1619145288
355,mandurah,-32.55,115.7,20.0,62,100,1.3,AU,1619145288
356,shaki,41.0833,47.1667,13.0,87,75,1.2,AZ,1619145289
357,leduc,53.2668,-113.552,0.0,34,60,2.57,CA,1619145289
358,aksarka,66.5606,67.7975,1.89,97,92,6.46,RU,1619145289
359,fort nelson,58.8053,-122.7002,4.0,26,40,2.57,CA,1619145289
360,simpang,-1.2667,104.0833,29.0,67,100,1.31,ID,1619145290
361,yuancheng,36.652,107.7896,11.89,84,100,8.37,CN,1619145290
362,talara,-4.5772,-81.2719,22.03,78,75,7.25,PE,1619145067
363,ola,59.5833,151.2833,0.37,98,100,2.81,RU,1619145290
364,acarau,-2.8856,-40.12,24.85,87,14,2.13,BR,1619145290
365,marrakesh,31.6315,-8.0083,16.0,67,74,4.63,MA,1619145291
366,cusset,46.13,3.4596,6.0,75,0,0.51,FR,1619145291
367,kannangad,12.3081,75.1063,26.22,83,92,1.19,IN,1619145291
368,longyearbyen,78.2186,15.6401,-9.0,67,75,2.06,SJ,1619145291
369,sapozhok,53.9419,40.6806,6.57,84,22,3.63,RU,1619145292
370,tabuk,17.4189,121.4443,31.15,50,62,1.92,PH,1619145083
371,saskylakh,71.9167,114.0833,-12.0,92,95,3.22,RU,1619145292
372,palana,59.1167,159.9667,-0.65,99,100,1.43,RU,1619145292
373,pacific grove,36.6177,-121.9166,10.56,89,74,4.17,US,1619145293
374,kahului,20.8947,-156.47,28.0,54,20,9.26,US,1619145215
375,san isidro,-12.1167,-77.05,19.44,88,20,4.12,PE,1619145293
376,hervey bay,-25.2986,152.8535,23.89,43,98,0.45,AU,1619145293
377,vrangel,42.7297,133.0839,9.57,55,100,4.73,RU,1619145293
378,rapid valley,44.0625,-103.1463,9.0,56,1,3.09,US,1619145294
379,manzanillo,20.3433,-77.1167,24.19,73,84,4.53,CU,1619145294
380,antu,26.05,81.9167,31.33,21,0,2.37,IN,1619145294
381,waipawa,-41.4122,175.5153,18.0,68,90,7.72,NZ,1619145294
382,tucuma,-0.1833,-50.05,23.82,92,100,1.59,BR,1619145295
383,kloulklubed,7.0419,134.2556,30.0,70,40,3.09,PW,1619145295
384,batemans bay,-35.7167,150.1833,19.44,48,4,2.69,AU,1619145295
385,cravo norte,6.3017,-70.2041,30.72,43,99,1.07,CO,1619145295
386,touros,-5.1989,-35.4608,25.0,88,40,1.54,BR,1619145296
387,dois vizinhos,-25.7336,-53.0572,14.43,75,78,1.82,BR,1619145296
388,pevek,69.7008,170.3133,-4.2,76,38,1.86,RU,1619145296
389,acajutla,13.5928,-89.8275,23.89,90,48,0.89,SV,1619145122
390,fairbanks,64.8378,-147.7164,12.0,28,1,5.14,US,1619145110
391,suntar,62.1444,117.6319,0.92,74,98,6.78,RU,1619145297
392,ambilobe,-13.2,49.05,22.46,88,99,1.61,MG,1619145297
393,constantine,36.365,6.6147,12.0,94,75,0.51,DZ,1619145297
394,cayhagan,9.6697,122.4256,28.31,73,98,5.36,PH,1619145298
395,kousseri,12.0769,15.0306,26.0,41,0,1.54,CM,1619145298
396,komsomolskiy,40.4272,71.7189,11.0,58,34,3.09,UZ,1619145298
397,acambay,19.9558,-99.8417,15.77,24,100,1.93,MX,1619145298
398,cayenne,4.9333,-52.3333,26.67,89,40,2.06,GF,1619145299
399,vila,42.0304,-8.1588,9.44,93,100,0.89,PT,1619145148
400,hobyo,5.3505,48.5268,28.67,67,100,3.66,SO,1619145299
401,serebryansk,49.6925,83.2892,-2.0,74,75,1.0,KZ,1619145299
402,awjilah,29.1081,21.2869,20.0,23,23,4.69,LY,1619145299
403,ugoofaaru,5.6667,73.0,28.57,71,21,4.03,MV,1619145300
404,bathsheba,13.2167,-59.5167,26.0,65,40,9.26,BB,1619145300
405,casa nova,-9.4167,-41.1333,26.47,68,87,2.28,BR,1619145300
406,khasan,42.4308,130.6434,9.8,67,100,2.24,RU,1619145300
407,neuquen,-38.9516,-68.0591,14.0,82,0,1.03,AR,1619145301
408,asau,46.4333,26.4,5.56,60,72,0.76,RO,1619145301
409,sao joao da barra,-21.6403,-41.0511,20.18,85,0,4.11,BR,1619145301
410,aripuana,-9.1667,-60.6333,22.03,98,7,0.75,BR,1619145162
411,sisimiut,66.9395,-53.6735,-1.84,54,34,3.77,GL,1619145304
412,ixtapa,20.7,-105.2,26.0,73,40,3.09,MX,1619145037
413,sendafa,9.15,39.0333,12.3,71,97,1.05,ET,1619145304
414,tuatapere,-46.1333,167.6833,12.22,84,100,4.47,NZ,1619145304
415,henties bay,-22.116,14.2845,17.78,87,14,0.89,NA,1619145305
416,ulcinj,41.9294,19.2244,5.56,96,100,0.89,ME,1619145305
417,gallup,35.5281,-108.7426,13.0,13,1,7.72,US,1619145305
418,utete,-7.986,38.758,21.19,97,65,0.59,TZ,1619145305
419,whitecourt,54.1502,-115.6855,0.0,37,20,5.14,CA,1619145306
420,west bay,19.3667,-81.4167,27.0,78,0,3.09,KY,1619145306
421,fare,-16.7,-151.0167,27.2,73,6,5.73,PF,1619145306
422,nushki,29.5542,66.0215,22.53,16,0,1.54,PK,1619145306
423,ponnani,10.767,75.9252,26.0,83,40,1.03,IN,1619145307
424,yulara,-25.2406,130.9889,22.0,35,0,5.66,AU,1619145307
425,meulaboh,4.1363,96.1285,28.41,72,96,1.09,ID,1619145307
426,dingle,10.9995,122.6711,32.63,51,100,5.84,PH,1619145307
427,bandundu,-3.3167,17.3667,22.67,91,97,2.38,CD,1619145308
428,aleppo,36.25,37.5,13.46,62,0,3.68,SY,1619145308
429,sao filipe,14.8961,-24.4956,21.88,74,40,6.13,CV,1619145308
430,pekan,3.4836,103.3996,28.0,78,20,2.06,MY,1619145308
431,lagos,6.5833,3.75,27.0,89,40,2.06,NG,1619145309
432,zile,40.3031,35.8864,2.0,87,0,1.03,TR,1619145309
433,kaitangata,-46.2817,169.8464,15.0,71,100,0.83,NZ,1619145309
434,rudnaya pristan,44.3614,135.8116,12.79,51,98,3.75,RU,1619145309
435,dicabisagan,17.0818,122.4157,29.56,62,76,1.97,PH,1619145310
436,erzin,36.9559,36.2,12.78,89,1,1.34,TR,1619145310
437,lagoa vermelha,-28.2086,-51.5258,11.46,85,24,2.54,BR,1619145310
438,ketchikan,55.3422,-131.6461,12.0,40,1,4.12,US,1619145311
439,turukhansk,65.8167,87.9833,-0.75,95,66,5.89,RU,1619145311
440,moss vale,-34.55,150.3833,22.78,32,0,3.6,AU,1619145311
441,vila do maio,15.1333,-23.2167,20.0,77,20,7.2,CV,1619145311
442,kandla,23.0333,70.2167,29.14,57,0,7.47,IN,1619145312
443,naryan-mar,67.6713,53.087,2.09,96,100,7.18,RU,1619145312
444,matara,5.9485,80.5353,27.76,79,23,4.13,LK,1619145312
445,mashhad,36.297,59.6062,13.0,38,0,2.06,IR,1619145312
446,ambrolauri,42.5211,43.1622,9.0,93,75,1.03,GE,1619145313
447,hauterive,46.0901,3.4459,6.0,75,0,0.51,FR,1619145313
448,puerto escondido,15.85,-97.0667,27.57,70,21,2.38,MX,1619145313
449,puerto maldonado,-12.6,-69.1833,24.93,84,100,0.94,PE,1619145313
450,katrineholm,58.9959,16.2072,1.11,74,2,4.63,SE,1619145314
451,nibong tebal,5.1659,100.4779,28.0,83,20,0.51,MY,1619145314
452,aksu,41.1231,80.2644,11.15,24,3,3.85,CN,1619145314
453,nemuro,43.3236,145.575,8.0,61,20,4.63,JP,1619145071
454,den helder,52.9599,4.7593,5.0,87,75,2.06,NL,1619145315
455,nouadhibou,20.931,-17.0347,18.0,88,0,7.72,MR,1619145315
456,altamirano,16.8833,-92.15,14.91,82,66,1.09,MX,1619145315
457,leh,34.1667,77.5833,-2.37,71,95,2.35,IN,1619145315
458,padang,-0.9492,100.3543,29.0,74,40,1.54,ID,1619145133
459,visnes,59.3556,5.2242,5.0,81,40,2.57,NO,1619145316
460,broome,42.2506,-75.833,0.56,80,90,4.12,US,1619145316
461,iracoubo,5.4802,-53.2011,25.34,88,88,5.39,GF,1619145316
462,sirnak,37.5228,42.4594,11.04,37,0,2.56,TR,1619145317
463,twentynine palms,34.1356,-116.0542,24.0,13,1,12.86,US,1619145317
464,carhuaz,-9.2819,-77.6447,13.65,89,97,0.9,PE,1619145317
465,severo-yeniseyskiy,60.3725,93.0408,-0.92,79,36,1.63,RU,1619145318
466,saint anthony,45.0205,-93.218,13.0,26,1,1.54,US,1619145318
467,bilibino,68.0546,166.4372,-2.15,89,98,1.1,RU,1619145136
468,dukat,62.55,155.55,-4.88,91,100,2.41,RU,1619145318
469,yar-sale,66.8333,70.8333,1.26,92,100,6.77,RU,1619145191
470,buin,-33.7333,-70.75,16.11,93,75,4.12,CL,1619145156
471,xining,36.6167,101.7667,14.14,58,100,1.67,CN,1619145318
472,arona,28.0996,-16.681,18.33,77,20,2.57,ES,1619145319
473,dharchula,29.85,80.5333,19.67,41,15,0.21,IN,1619145319
474,naron,43.5167,-8.1528,13.33,100,96,1.03,ES,1619145319
475,chumikan,54.7183,135.315,3.03,69,100,0.81,RU,1619145320
476,port macquarie,-31.4333,152.9167,21.11,40,0,0.89,AU,1619145092
477,cleethorpes,53.5605,-0.0323,5.0,81,37,4.12,GB,1619145320
478,tual,-5.6667,132.75,28.75,73,30,3.6,ID,1619145185
479,jonkoping,57.7814,14.1562,0.0,74,40,4.12,SE,1619145320
480,sept-iles,50.2001,-66.3821,4.44,100,100,1.54,CA,1619145304
481,muros,42.7762,-9.0603,10.56,94,100,2.63,ES,1619145321
482,taoru,28.2167,76.95,29.44,46,75,3.6,IN,1619145321
483,lorengau,-2.0226,147.2712,28.99,70,98,3.87,PG,1619145101
484,ustye,59.6304,39.736,4.17,94,65,3.63,RU,1619145321
485,saint-pierre,-21.3393,55.4781,25.0,73,90,6.17,RE,1619145321
486,jiwani,25.05,61.7417,28.1,71,0,2.91,PK,1619145322
487,soubre,5.7856,-6.6083,23.05,96,95,1.09,CI,1619145322
488,bambous virieux,-20.3428,57.7575,23.33,100,75,1.54,MU,1619145322
489,pontianak,-0.0333,109.3333,28.0,78,20,1.69,ID,1619145322
490,corning,42.1428,-77.0547,3.0,60,90,6.17,US,1619145323
491,iwanai,42.9744,140.5089,15.67,42,2,1.72,JP,1619145323
492,basco,20.4487,121.9702,25.67,81,18,6.56,PH,1619145323
493,roald,62.5833,6.1333,3.0,60,40,3.09,NO,1619145323
494,scarborough,54.2797,-0.4044,5.56,45,96,0.45,GB,1619145324
495,cangzhou,38.3167,116.8667,14.94,66,99,7.94,CN,1619145324
496,kampene,-3.6,26.6667,20.61,98,100,0.86,CD,1619145324
497,ekibastuz,51.6667,75.3667,2.79,41,2,2.87,KZ,1619145325
498,ariquemes,-9.9133,-63.0408,22.17,97,21,0.31,BR,1619145243
499,sao gabriel da cachoeira,-0.1303,-67.0892,22.9,98,98,0.99,BR,1619145325
500,saint-gaudens,43.0833,0.6667,9.0,87,0,2.06,FR,1619145325
501,bardiyah,31.7561,25.0865,16.39,68,100,6.88,LY,1619145325
502,izumo,35.3667,132.7667,16.0,59,0,11.32,JP,1619145326
503,vega de alatorre,20.0333,-96.6333,24.46,90,56,4.36,MX,1619145326
504,coihaique,-45.5752,-72.0662,6.0,87,40,2.57,CL,1619145326
505,bardsir,29.9227,56.5743,12.0,30,0,2.06,IR,1619145326
506,itoman,26.1247,127.6694,21.0,88,75,11.32,JP,1619145327
507,san quintin,30.4833,-115.95,14.28,77,6,6.33,MX,1619145327
508,clinton,42.587,-82.9199,6.0,39,1,2.57,US,1619145241
509,bira,49.0,132.4667,18.9,44,100,4.82,RU,1619145327
510,berlevag,70.8578,29.0864,0.5,69,88,2.49,NO,1619145328
511,marystown,47.1666,-55.1483,2.95,85,94,8.15,CA,1619145328
512,grand gaube,-20.0064,57.6608,23.33,84,100,1.79,MU,1619145328
513,nome,64.5011,-165.4064,7.0,49,1,4.12,US,1619145328
514,aleksandrovka,46.8383,32.7612,8.0,93,0,5.0,UA,1619145329
515,jining,35.405,116.5814,17.78,59,65,6.88,CN,1619145306
516,deputatskiy,69.3,139.9,-11.66,84,98,0.89,RU,1619145221
517,inirida,3.8653,-67.9239,24.24,91,8,0.98,CO,1619145329
518,bonavista,48.6499,-53.1147,7.0,93,100,5.14,CA,1619145329
519,haines junction,60.7522,-137.5108,10.0,20,0,1.03,CA,1619145329
520,lumberton,34.6182,-79.0086,8.33,61,1,1.54,US,1619145068
521,sharanga,57.1775,46.5396,4.63,86,99,3.23,RU,1619145330
522,nola,40.922,14.5329,13.0,88,0,1.03,IT,1619145330
523,aviles,43.5547,-5.9248,14.0,77,0,4.63,ES,1619145330
524,derzhavinsk,51.1,66.3167,4.86,44,99,6.62,KZ,1619145331
525,santa cruz de tenerife,28.4682,-16.2546,18.89,100,75,7.72,ES,1619145331
526,ossora,59.2353,163.0719,0.18,93,73,1.3,RU,1619145189
527,xuanhua,40.6103,115.0447,19.48,43,8,2.31,CN,1619145331
528,kamenka,51.3223,42.7678,9.17,75,100,2.84,RU,1619145331
529,san andres,12.5847,-81.7006,27.0,78,20,5.14,CO,1619145332
530,jalu,29.0331,21.5482,20.0,23,8,5.26,LY,1619145332
531,necochea,-38.5473,-58.7368,16.67,97,100,0.89,AR,1619145332
532,chiredzi,-21.05,31.6667,15.02,91,13,0.58,ZW,1619145159
533,adrian,41.8975,-84.0372,4.0,45,1,1.54,US,1619145333
534,baykit,61.67,96.37,1.04,77,97,3.3,RU,1619145333
535,san juan,-31.5375,-68.5364,16.87,52,13,3.58,AR,1619145090
536,zabaykalsk,49.6333,117.3167,8.38,30,93,6.5,RU,1619145333
537,aswan,24.0934,32.907,27.34,19,9,4.45,EG,1619145333
538,whitehorse,60.7161,-135.0538,8.0,25,1,3.09,CA,1619145334
539,hailar,49.2,119.7,8.07,53,96,7.38,CN,1619145266
540,zhuhai,22.2769,113.5678,32.78,74,20,3.6,CN,1619145334
541,abu dhabi,24.4667,54.3667,25.0,61,0,1.03,AE,1619145276
542,morehead,37.2711,-87.1764,7.22,70,1,2.21,US,1619145334
543,waitati,-45.75,170.5667,16.67,63,99,2.68,NZ,1619145335
544,balkanabat,39.5108,54.3671,23.03,17,90,4.0,TM,1619145335
545,skibbereen,51.55,-9.2667,7.0,81,20,4.63,IE,1619145335
546,xinqing,48.2333,129.5,8.89,86,100,3.64,CN,1619145335
547,oberkirch,48.5324,8.0786,5.56,73,5,1.77,DE,1619145336
548,mangrol,21.1167,70.1167,27.9,68,100,4.57,IN,1619145336
549,aban,56.67,96.06,2.84,55,1,3.53,RU,1619145336
550,nanga eboko,4.6833,12.3667,19.76,97,100,1.25,CM,1619145337
551,kalemie,-5.9475,29.1947,22.14,85,54,2.71,CD,1619145337
552,zharkent,44.1628,80.0,6.09,34,1,1.23,KZ,1619145337
553,mahon,39.8885,4.2658,10.0,93,0,3.09,ES,1619145337
554,samarai,-10.6167,150.6667,28.79,72,99,1.88,PG,1619145338
555,west melbourne,28.0717,-80.6534,19.44,82,1,6.69,US,1619145338
556,grivenskaya,45.6473,38.176,7.66,85,4,3.12,RU,1619145338
557,frontera,26.9333,-101.45,24.44,56,83,1.7,MX,1619145338
558,zoniana,35.295,24.8294,13.89,87,0,3.6,GR,1619145339
559,byron bay,-28.65,153.6167,21.0,46,0,5.14,AU,1619145064
560,santa luzia,-19.7697,-43.8514,21.0,64,0,1.99,BR,1619145339
561,nalut,30.3333,10.85,22.15,24,9,4.25,LY,1619145339
562,nouakchott,18.0858,-15.9785,20.0,83,43,7.72,MR,1619145340
563,bereznik,62.8551,42.7072,3.67,91,79,1.78,RU,1619145340
564,lenger,42.183,69.8839,11.0,58,0,3.0,KZ,1619145340
565,rio gallegos,-51.6226,-69.2181,7.0,93,40,1.03,AR,1619145324
566,leopold,-38.1833,144.4667,16.67,67,90,6.17,AU,1619145340
567,cardston,49.2,-113.3019,-2.0,80,100,3.09,CA,1619145341
568,tutoia,-2.7619,-42.2744,25.57,82,100,1.45,BR,1619145341
